{"cameraMode":{"drawMode":0,"name":"Shaded","section":"Shading Mode"},"sceneLighting":true,"audioPlay":false,"sceneViewState":{"showFog":true,"showMaterialUpdate":false,"showSkybox":false,"showFlares":true,"showImageEffects":true,"showParticleSystems":true},"in2DMode":false,"pivot":{"x":9.529998779296875,"y":0.7600002288818359,"z":-1.5299997329711915},"rotation":{"x":-0.37307748198509219,"y":0.12140445411205292,"z":-0.04932110011577606,"w":-0.9185387492179871},"size":4.26564884185791,"orthographic":false}