{"cameraMode":{"drawMode":0,"name":"Shaded","section":"Shading Mode"},"sceneLighting":false,"audioPlay":false,"sceneViewState":{"showFog":true,"showMaterialUpdate":false,"showSkybox":false,"showFlares":true,"showImageEffects":true,"showParticleSystems":true},"in2DMode":false,"pivot":{"x":0.511259913444519,"y":1.8533425331115723,"z":-2.6277811527252199},"rotation":{"x":-0.16364160180091859,"y":0.10396522283554077,"z":-0.017357872799038888,"w":-0.9808907508850098},"size":1.0922608375549317,"orthographic":false}