{"cameraMode":{"drawMode":0,"name":"Shaded","section":"Shading Mode"},"sceneLighting":false,"audioPlay":false,"sceneViewState":{"showFog":true,"showMaterialUpdate":false,"showSkybox":false,"showFlares":true,"showImageEffects":true,"showParticleSystems":true},"in2DMode":false,"pivot":{"x":1.5014770030975342,"y":0.05678996443748474,"z":0.5812864303588867},"rotation":{"x":0.21091395616531373,"y":0.46685168147087099,"z":-0.11562515795230866,"w":0.8510510921478272},"size":2.1421117782592775,"orthographic":false}